Date,Year,lease Expense,salary Expense,cancellation fee
2017-10-01,2017,3804347.83,15818206.52,0.00
2017-10-02,2017,3804347.83,15818206.52,0.00
2017-10-03,2017,3804347.83,15818206.52,0.00
2017-10-04,2017,3804347.83,15818206.52,0.00
2017-10-05,2017,3804347.83,15818206.52,0.00
2017-10-06,2017,3804347.83,15818206.52,0.00
2017-10-07,2017,3804347.83,15818206.52,0.00
2017-10-08,2017,3804347.83,15818206.52,0.00
2017-10-09,2017,3804347.83,15818206.52,0.00
2017-10-10,2017,3804347.83,15818206.52,3402.00
2017-10-11,2017,3804347.83,15818206.52,0.00
2017-10-12,2017,3804347.83,15818206.52,8963.97
2017-10-13,2017,3804347.83,15818206.52,14765.02
2017-10-14,2017,3804347.83,15818206.52,22933.97
2017-10-15,2017,3804347.83,15818206.52,21965.84
2017-10-16,2017,3804347.83,15818206.52,7006.01
2017-10-17,2017,3804347.83,15818206.52,0.00
2017-10-18,2017,3804347.83,15818206.52,19003.28
2017-10-19,2017,3804347.83,15818206.52,27567.00
2017-10-20,2017,3804347.83,15818206.52,6804.00
2017-10-21,2017,3804347.83,15818206.52,16332.81
2017-10-22,2017,3804347.83,15818206.52,30367.38
2017-10-23,2017,3804347.83,15818206.52,28599.98
2017-10-24,2017,3804347.83,15818206.52,45150.30
2017-10-25,2017,3804347.83,15818206.52,57530.65
2017-10-26,2017,3804347.83,15818206.52,12424.22
2017-10-27,2017,3804347.83,15818206.52,13608.16
2017-10-28,2017,3804347.83,15818206.52,25443.53
2017-10-29,2017,3804347.83,15818206.52,71779.85
2017-10-30,2017,3804347.83,15818206.52,43455.24
2017-10-31,2017,3804347.83,15818206.52,52645.52
2017-11-01,2017,3804347.83,15818206.52,64589.39
2017-11-02,2017,3804347.83,15818206.52,21301.47
2017-11-03,2017,3804347.83,15818206.52,84385.64
2017-11-04,2017,3804347.83,15818206.52,40278.94
2017-11-05,2017,3804347.83,15818206.52,22832.23
2017-11-06,2017,3804347.83,15818206.52,45824.26
2017-11-07,2017,3804347.83,15818206.52,49059.39
2017-11-08,2017,3804347.83,15818206.52,55216.30
2017-11-09,2017,3804347.83,15818206.52,48142.92
2017-11-10,2017,3804347.83,15818206.52,87810.85
2017-11-11,2017,3804347.83,15818206.52,114638.99
2017-11-12,2017,3804347.83,15818206.52,83894.26
2017-11-13,2017,3804347.83,15818206.52,99244.61
2017-11-14,2017,3804347.83,15818206.52,106372.54
2017-11-15,2017,3804347.83,15818206.52,93078.40
2017-11-16,2017,3804347.83,15818206.52,140110.52
2017-11-17,2017,3804347.83,15818206.52,124296.58
2017-11-18,2017,3804347.83,15818206.52,122759.42
2017-11-19,2017,3804347.83,15818206.52,137023.07
2017-11-20,2017,3804347.83,15818206.52,205209.50
2017-11-21,2017,3804347.83,15818206.52,164415.73
2017-11-22,2017,3804347.83,15818206.52,171249.78
2017-11-23,2017,3804347.83,15818206.52,161942.52
2017-11-24,2017,3804347.83,15818206.52,212147.62
2017-11-25,2017,3804347.83,15818206.52,271465.48
2017-11-26,2017,3804347.83,15818206.52,249780.46
2017-11-27,2017,3804347.83,15818206.52,190814.26
2017-11-28,2017,3804347.83,15818206.52,194442.27
2017-11-29,2017,3804347.83,15818206.52,203232.89
2017-11-30,2017,3804347.83,15818206.52,328347.94
2017-12-01,2017,3804347.83,15818206.52,296864.12
2017-12-02,2017,3804347.83,15818206.52,247292.80
2017-12-03,2017,3804347.83,15818206.52,270127.88
2017-12-04,2017,3804347.83,15818206.52,248640.83
2017-12-05,2017,3804347.83,15818206.52,244793.85
2017-12-06,2017,3804347.83,15818206.52,370637.34
2017-12-07,2017,3804347.83,15818206.52,307928.56
2017-12-08,2017,3804347.83,15818206.52,380374.66
2017-12-09,2017,3804347.83,15818206.52,292984.06
2017-12-10,2017,3804347.83,15818206.52,376505.56
2017-12-11,2017,3804347.83,15818206.52,437365.13
2017-12-12,2017,3804347.83,15818206.52,369210.56
2017-12-13,2017,3804347.83,15818206.52,346869.61
2017-12-14,2017,3804347.83,15818206.52,447139.39
2017-12-15,2017,3804347.83,15818206.52,420661.06
2017-12-16,2017,3804347.83,15818206.52,462633.58
2017-12-17,2017,3804347.83,15818206.52,494625.89
2017-12-18,2017,3804347.83,15818206.52,486885.62
2017-12-19,2017,3804347.83,15818206.52,416384.02
2017-12-20,2017,3804347.83,15818206.52,387574.16
2017-12-21,2017,3804347.83,15818206.52,398361.32
2017-12-22,2017,3804347.83,15818206.52,445629.58
2017-12-23,2017,3804347.83,15818206.52,508104.84
2017-12-24,2017,3804347.83,15818206.52,452475.77
2017-12-25,2017,3804347.83,15818206.52,369764.69
2017-12-26,2017,3804347.83,15818206.52,513099.33
2017-12-27,2017,3804347.83,15818206.52,480264.45
2017-12-28,2017,3804347.83,15818206.52,484212.39
2017-12-29,2017,3804347.83,15818206.52,570157.59
2017-12-30,2017,3804347.83,15818206.52,483053.42
2017-12-31,2017,3804347.83,15818206.52,443547.28
2018-01-01,2018,958904.11,3987054.79,456513.47
2018-01-02,2018,958904.11,3987054.79,547070.17
2018-01-03,2018,958904.11,3987054.79,419694.63
2018-01-04,2018,958904.11,3987054.79,525367.09
2018-01-05,2018,958904.11,3987054.79,482198.42
2018-01-06,2018,958904.11,3987054.79,387337.66
2018-01-07,2018,958904.11,3987054.79,554791.23
2018-01-08,2018,958904.11,3987054.79,542670.45
2018-01-09,2018,958904.11,3987054.79,542197.37
2018-01-10,2018,958904.11,3987054.79,428487.45
2018-01-11,2018,958904.11,3987054.79,390683.07
2018-01-12,2018,958904.11,3987054.79,402843.50
2018-01-13,2018,958904.11,3987054.79,436169.98
2018-01-14,2018,958904.11,3987054.79,493878.23
2018-01-15,2018,958904.11,3987054.79,441656.35
2018-01-16,2018,958904.11,3987054.79,457487.44
2018-01-17,2018,958904.11,3987054.79,454403.09
2018-01-18,2018,958904.11,3987054.79,506741.35
2018-01-19,2018,958904.11,3987054.79,379095.68
2018-01-20,2018,958904.11,3987054.79,381434.97
2018-01-21,2018,958904.11,3987054.79,464003.55
2018-01-22,2018,958904.11,3987054.79,487591.71
2018-01-23,2018,958904.11,3987054.79,359324.13
2018-01-24,2018,958904.11,3987054.79,348596.12
2018-01-25,2018,958904.11,3987054.79,405034.07
2018-01-26,2018,958904.11,3987054.79,360448.20
2018-01-27,2018,958904.11,3987054.79,431611.47
2018-01-28,2018,958904.11,3987054.79,440017.43
2018-01-29,2018,958904.11,3987054.79,326756.98
2018-01-30,2018,958904.11,3987054.79,406616.38
2018-01-31,2018,958904.11,3987054.79,426038.18
2018-02-01,2018,958904.11,3987054.79,457214.37
2018-02-02,2018,958904.11,3987054.79,377354.01
2018-02-03,2018,958904.11,3987054.79,398101.38
2018-02-04,2018,958904.11,3987054.79,360680.92
2018-02-05,2018,958904.11,3987054.79,382780.49
2018-02-06,2018,958904.11,3987054.79,303459.04
2018-02-07,2018,958904.11,3987054.79,382354.86
2018-02-08,2018,958904.11,3987054.79,365848.80
2018-02-09,2018,958904.11,3987054.79,391091.34
2018-02-10,2018,958904.11,3987054.79,311693.66
2018-02-11,2018,958904.11,3987054.79,342029.18
2018-02-12,2018,958904.11,3987054.79,366909.43
2018-02-13,2018,958904.11,3987054.79,326072.83
2018-02-14,2018,958904.11,3987054.79,309885.22
2018-02-15,2018,958904.11,3987054.79,372657.41
2018-02-16,2018,958904.11,3987054.79,280423.10
2018-02-17,2018,958904.11,3987054.79,264456.07
2018-02-18,2018,958904.11,3987054.79,331733.20
2018-02-19,2018,958904.11,3987054.79,298900.44
2018-02-20,2018,958904.11,3987054.79,257334.88
2018-02-21,2018,958904.11,3987054.79,320443.31
2018-02-22,2018,958904.11,3987054.79,250001.30
2018-02-23,2018,958904.11,3987054.79,279530.60
2018-02-24,2018,958904.11,3987054.79,371106.51
2018-02-25,2018,958904.11,3987054.79,299601.44
2018-02-26,2018,958904.11,3987054.79,260784.49
2018-02-27,2018,958904.11,3987054.79,291984.49
2018-02-28,2018,958904.11,3987054.79,318044.60
2018-03-01,2018,958904.11,3987054.79,312006.00
2018-03-02,2018,958904.11,3987054.79,273601.51
2018-03-03,2018,958904.11,3987054.79,350546.47
2018-03-04,2018,958904.11,3987054.79,278832.36
2018-03-05,2018,958904.11,3987054.79,316587.37
2018-03-06,2018,958904.11,3987054.79,261325.32
2018-03-07,2018,958904.11,3987054.79,348256.78
2018-03-08,2018,958904.11,3987054.79,350610.56
2018-03-09,2018,958904.11,3987054.79,333244.91
2018-03-10,2018,958904.11,3987054.79,329158.87
2018-03-11,2018,958904.11,3987054.79,296691.74
2018-03-12,2018,958904.11,3987054.79,293144.29
2018-03-13,2018,958904.11,3987054.79,368647.93
2018-03-14,2018,958904.11,3987054.79,355242.08
2018-03-15,2018,958904.11,3987054.79,324461.60
2018-03-16,2018,958904.11,3987054.79,359155.20
2018-03-17,2018,958904.11,3987054.79,336089.60
2018-03-18,2018,958904.11,3987054.79,369284.43
2018-03-19,2018,958904.11,3987054.79,415887.89
2018-03-20,2018,958904.11,3987054.79,443246.47
2018-03-21,2018,958904.11,3987054.79,418225.20
2018-03-22,2018,958904.11,3987054.79,373978.17
2018-03-23,2018,958904.11,3987054.79,345278.33
2018-03-24,2018,958904.11,3987054.79,376311.98
2018-03-25,2018,958904.11,3987054.79,348609.92
2018-03-26,2018,958904.11,3987054.79,307788.45
2018-03-27,2018,958904.11,3987054.79,404028.01
2018-03-28,2018,958904.11,3987054.79,373073.65
2018-03-29,2018,958904.11,3987054.79,339596.17
2018-03-30,2018,958904.11,3987054.79,389867.54
2018-03-31,2018,958904.11,3987054.79,413875.20
2018-04-01,2018,958904.11,3987054.79,391715.26
2018-04-02,2018,958904.11,3987054.79,432194.87
2018-04-03,2018,958904.11,3987054.79,516095.88
2018-04-04,2018,958904.11,3987054.79,389735.81
2018-04-05,2018,958904.11,3987054.79,464296.93
2018-04-06,2018,958904.11,3987054.79,470812.95
2018-04-07,2018,958904.11,3987054.79,481438.78
2018-04-08,2018,958904.11,3987054.79,458745.56
2018-04-09,2018,958904.11,3987054.79,405405.20
2018-04-10,2018,958904.11,3987054.79,441518.77
2018-04-11,2018,958904.11,3987054.79,433259.97
2018-04-12,2018,958904.11,3987054.79,436738.36
2018-04-13,2018,958904.11,3987054.79,419073.11
2018-04-14,2018,958904.11,3987054.79,352025.37
2018-04-15,2018,958904.11,3987054.79,378870.07
2018-04-16,2018,958904.11,3987054.79,557742.63
2018-04-17,2018,958904.11,3987054.79,446567.29
2018-04-18,2018,958904.11,3987054.79,589352.65
2018-04-19,2018,958904.11,3987054.79,539039.00
2018-04-20,2018,958904.11,3987054.79,415077.76
2018-04-21,2018,958904.11,3987054.79,526844.71
2018-04-22,2018,958904.11,3987054.79,506502.84
2018-04-23,2018,958904.11,3987054.79,584994.01
2018-04-24,2018,958904.11,3987054.79,566369.36
2018-04-25,2018,958904.11,3987054.79,561531.42
2018-04-26,2018,958904.11,3987054.79,537327.41
2018-04-27,2018,958904.11,3987054.79,470181.91
2018-04-28,2018,958904.11,3987054.79,363368.05
2018-04-29,2018,958904.11,3987054.79,562612.41
2018-04-30,2018,958904.11,3987054.79,574236.04
2018-05-01,2018,958904.11,3987054.79,636706.92
2018-05-02,2018,958904.11,3987054.79,521007.33
2018-05-03,2018,958904.11,3987054.79,493339.99
2018-05-04,2018,958904.11,3987054.79,539296.13
2018-05-05,2018,958904.11,3987054.79,514966.05
2018-05-06,2018,958904.11,3987054.79,515191.65
2018-05-07,2018,958904.11,3987054.79,567650.93
2018-05-08,2018,958904.11,3987054.79,413168.86
2018-05-09,2018,958904.11,3987054.79,515451.07
2018-05-10,2018,958904.11,3987054.79,504491.81
2018-05-11,2018,958904.11,3987054.79,528377.49
2018-05-12,2018,958904.11,3987054.79,472441.89
2018-05-13,2018,958904.11,3987054.79,523521.72
2018-05-14,2018,958904.11,3987054.79,453540.30
2018-05-15,2018,958904.11,3987054.79,471375.37
2018-05-16,2018,958904.11,3987054.79,589642.60
2018-05-17,2018,958904.11,3987054.79,582471.10
2018-05-18,2018,958904.11,3987054.79,631179.67
2018-05-19,2018,958904.11,3987054.79,514418.30
2018-05-20,2018,958904.11,3987054.79,504930.15
2018-05-21,2018,958904.11,3987054.79,514362.07
2018-05-22,2018,958904.11,3987054.79,553259.71
2018-05-23,2018,958904.11,3987054.79,620843.14
2018-05-24,2018,958904.11,3987054.79,494577.60
2018-05-25,2018,958904.11,3987054.79,507249.88
2018-05-26,2018,958904.11,3987054.79,455806.95
2018-05-27,2018,958904.11,3987054.79,477523.33
2018-05-28,2018,958904.11,3987054.79,488124.33
2018-05-29,2018,958904.11,3987054.79,439060.20
2018-05-30,2018,958904.11,3987054.79,401217.57
2018-05-31,2018,958904.11,3987054.79,460318.66
2018-06-01,2018,958904.11,3987054.79,447124.84
2018-06-02,2018,958904.11,3987054.79,520917.47
2018-06-03,2018,958904.11,3987054.79,435319.07
2018-06-04,2018,958904.11,3987054.79,502822.81
2018-06-05,2018,958904.11,3987054.79,534400.36
2018-06-06,2018,958904.11,3987054.79,569864.99
2018-06-07,2018,958904.11,3987054.79,567896.07
2018-06-08,2018,958904.11,3987054.79,567289.46
2018-06-09,2018,958904.11,3987054.79,623013.46
2018-06-10,2018,958904.11,3987054.79,453989.19
2018-06-11,2018,958904.11,3987054.79,483160.73
2018-06-12,2018,958904.11,3987054.79,444395.79
2018-06-13,2018,958904.11,3987054.79,515337.60
2018-06-14,2018,958904.11,3987054.79,519664.03
2018-06-15,2018,958904.11,3987054.79,453178.51
2018-06-16,2018,958904.11,3987054.79,559494.70
2018-06-17,2018,958904.11,3987054.79,468348.01
2018-06-18,2018,958904.11,3987054.79,489904.94
2018-06-19,2018,958904.11,3987054.79,587107.63
2018-06-20,2018,958904.11,3987054.79,510545.78
2018-06-21,2018,958904.11,3987054.79,452299.52
2018-06-22,2018,958904.11,3987054.79,530127.42
2018-06-23,2018,958904.11,3987054.79,534523.88
2018-06-24,2018,958904.11,3987054.79,457359.96
2018-06-25,2018,958904.11,3987054.79,592274.56
2018-06-26,2018,958904.11,3987054.79,538092.86
2018-06-27,2018,958904.11,3987054.79,511770.86
2018-06-28,2018,958904.11,3987054.79,510902.32
2018-06-29,2018,958904.11,3987054.79,470625.49
2018-06-30,2018,958904.11,3987054.79,547014.30
2018-07-01,2018,958904.11,3987054.79,434341.13
2018-07-02,2018,958904.11,3987054.79,557892.58
2018-07-03,2018,958904.11,3987054.79,506705.20
2018-07-04,2018,958904.11,3987054.79,491681.13
2018-07-05,2018,958904.11,3987054.79,464462.97
2018-07-06,2018,958904.11,3987054.79,436009.73
2018-07-07,2018,958904.11,3987054.79,522809.65
2018-07-08,2018,958904.11,3987054.79,460886.41
2018-07-09,2018,958904.11,3987054.79,399263.93
2018-07-10,2018,958904.11,3987054.79,416196.44
2018-07-11,2018,958904.11,3987054.79,416414.14
2018-07-12,2018,958904.11,3987054.79,356710.85
2018-07-13,2018,958904.11,3987054.79,417052.35
2018-07-14,2018,958904.11,3987054.79,455223.32
2018-07-15,2018,958904.11,3987054.79,484422.08
2018-07-16,2018,958904.11,3987054.79,408964.14
2018-07-17,2018,958904.11,3987054.79,483321.13
2018-07-18,2018,958904.11,3987054.79,511768.28
2018-07-19,2018,958904.11,3987054.79,444721.23
2018-07-20,2018,958904.11,3987054.79,439606.97
2018-07-21,2018,958904.11,3987054.79,439373.34
2018-07-22,2018,958904.11,3987054.79,453909.14
2018-07-23,2018,958904.11,3987054.79,454972.65
2018-07-24,2018,958904.11,3987054.79,437179.80
2018-07-25,2018,958904.11,3987054.79,372697.80
2018-07-26,2018,958904.11,3987054.79,408243.53
2018-07-27,2018,958904.11,3987054.79,396123.31
2018-07-28,2018,958904.11,3987054.79,425085.28
2018-07-29,2018,958904.11,3987054.79,331654.95
2018-07-30,2018,958904.11,3987054.79,360250.28
2018-07-31,2018,958904.11,3987054.79,415894.31
2018-08-01,2018,958904.11,3987054.79,386238.46
2018-08-02,2018,958904.11,3987054.79,326658.86
2018-08-03,2018,958904.11,3987054.79,358031.02
2018-08-04,2018,958904.11,3987054.79,345319.71
2018-08-05,2018,958904.11,3987054.79,374072.80
2018-08-06,2018,958904.11,3987054.79,417487.36
2018-08-07,2018,958904.11,3987054.79,324664.83
2018-08-08,2018,958904.11,3987054.79,316703.12
2018-08-09,2018,958904.11,3987054.79,392477.03
2018-08-10,2018,958904.11,3987054.79,313784.55
2018-08-11,2018,958904.11,3987054.79,407815.24
2018-08-12,2018,958904.11,3987054.79,354787.88
2018-08-13,2018,958904.11,3987054.79,311760.86
2018-08-14,2018,958904.11,3987054.79,332063.15
2018-08-15,2018,958904.11,3987054.79,339901.19
2018-08-16,2018,958904.11,3987054.79,335101.24
2018-08-17,2018,958904.11,3987054.79,299502.95
2018-08-18,2018,958904.11,3987054.79,306251.88
2018-08-19,2018,958904.11,3987054.79,327608.09
2018-08-20,2018,958904.11,3987054.79,300296.62
2018-08-21,2018,958904.11,3987054.79,309668.14
2018-08-22,2018,958904.11,3987054.79,323798.98
2018-08-23,2018,958904.11,3987054.79,291458.45
2018-08-24,2018,958904.11,3987054.79,317316.78
2018-08-25,2018,958904.11,3987054.79,346684.21
2018-08-26,2018,958904.11,3987054.79,374078.85
2018-08-27,2018,958904.11,3987054.79,369238.45
2018-08-28,2018,958904.11,3987054.79,290707.25
2018-08-29,2018,958904.11,3987054.79,286783.98
2018-08-30,2018,958904.11,3987054.79,314411.11
2018-08-31,2018,958904.11,3987054.79,293484.69
2018-09-01,2018,958904.11,3987054.79,282027.78
2018-09-02,2018,958904.11,3987054.79,355924.24
2018-09-03,2018,958904.11,3987054.79,348881.27
2018-09-04,2018,958904.11,3987054.79,340727.27
2018-09-05,2018,958904.11,3987054.79,330972.37
2018-09-06,2018,958904.11,3987054.79,374714.23
2018-09-07,2018,958904.11,3987054.79,341207.96
2018-09-08,2018,958904.11,3987054.79,401885.12
2018-09-09,2018,958904.11,3987054.79,307219.09
2018-09-10,2018,958904.11,3987054.79,337604.73
2018-09-11,2018,958904.11,3987054.79,462512.70
2018-09-12,2018,958904.11,3987054.79,426798.79
2018-09-13,2018,958904.11,3987054.79,509445.48
2018-09-14,2018,958904.11,3987054.79,377729.52
2018-09-15,2018,958904.11,3987054.79,473610.42
2018-09-16,2018,958904.11,3987054.79,321972.75
2018-09-17,2018,958904.11,3987054.79,403119.10
2018-09-18,2018,958904.11,3987054.79,353226.28
2018-09-19,2018,958904.11,3987054.79,495147.67
2018-09-20,2018,958904.11,3987054.79,402342.78
2018-09-21,2018,958904.11,3987054.79,405751.02
2018-09-22,2018,958904.11,3987054.79,462151.67
2018-09-23,2018,958904.11,3987054.79,341016.02
2018-09-24,2018,958904.11,3987054.79,399750.96
2018-09-25,2018,958904.11,3987054.79,353226.27
2018-09-26,2018,958904.11,3987054.79,501449.28
2018-09-27,2018,958904.11,3987054.79,462665.09
2018-09-28,2018,958904.11,3987054.79,503825.13
2018-09-29,2018,958904.11,3987054.79,416783.11
2018-09-30,2018,958904.11,3987054.79,446887.76
2018-10-01,2018,958904.11,3987054.79,473398.15
2018-10-02,2018,958904.11,3987054.79,543126.59
2018-10-03,2018,958904.11,3987054.79,532837.78
2018-10-04,2018,958904.11,3987054.79,462243.05
2018-10-05,2018,958904.11,3987054.79,507591.12
2018-10-06,2018,958904.11,3987054.79,399262.67
2018-10-07,2018,958904.11,3987054.79,402533.18
2018-10-08,2018,958904.11,3987054.79,414032.08
2018-10-09,2018,958904.11,3987054.79,484015.16
2018-10-10,2018,958904.11,3987054.79,503781.52
2018-10-11,2018,958904.11,3987054.79,447034.06
2018-10-12,2018,958904.11,3987054.79,418851.90
2018-10-13,2018,958904.11,3987054.79,498316.29
2018-10-14,2018,958904.11,3987054.79,462819.57
2018-10-15,2018,958904.11,3987054.79,554652.47
2018-10-16,2018,958904.11,3987054.79,551869.37
2018-10-17,2018,958904.11,3987054.79,406927.16
2018-10-18,2018,958904.11,3987054.79,494888.18
2018-10-19,2018,958904.11,3987054.79,535908.58
2018-10-20,2018,958904.11,3987054.79,573470.57
2018-10-21,2018,958904.11,3987054.79,506803.14
2018-10-22,2018,958904.11,3987054.79,454407.58
2018-10-23,2018,958904.11,3987054.79,632790.57
2018-10-24,2018,958904.11,3987054.79,418833.87
2018-10-25,2018,958904.11,3987054.79,548454.64
2018-10-26,2018,958904.11,3987054.79,520712.97
2018-10-27,2018,958904.11,3987054.79,581838.80
2018-10-28,2018,958904.11,3987054.79,551199.37
2018-10-29,2018,958904.11,3987054.79,506444.88
2018-10-30,2018,958904.11,3987054.79,577283.53
2018-10-31,2018,958904.11,3987054.79,569032.53
2018-11-01,2018,958904.11,3987054.79,640267.92
2018-11-02,2018,958904.11,3987054.79,488713.65
2018-11-03,2018,958904.11,3987054.79,568581.41
2018-11-04,2018,958904.11,3987054.79,539806.28
2018-11-05,2018,958904.11,3987054.79,543201.16
2018-11-06,2018,958904.11,3987054.79,628867.22
2018-11-07,2018,958904.11,3987054.79,668527.92
2018-11-08,2018,958904.11,3987054.79,631650.05
2018-11-09,2018,958904.11,3987054.79,672064.19
2018-11-10,2018,958904.11,3987054.79,471930.16
2018-11-11,2018,958904.11,3987054.79,535373.10
2018-11-12,2018,958904.11,3987054.79,532023.59
2018-11-13,2018,958904.11,3987054.79,620155.65
2018-11-14,2018,958904.11,3987054.79,490122.68
2018-11-15,2018,958904.11,3987054.79,695971.59
2018-11-16,2018,958904.11,3987054.79,869168.99
2018-11-17,2018,958904.11,3987054.79,548622.48
2018-11-18,2018,958904.11,3987054.79,541736.38
2018-11-19,2018,958904.11,3987054.79,644689.39
2018-11-20,2018,958904.11,3987054.79,717289.18
2018-11-21,2018,958904.11,3987054.79,681758.63
2018-11-22,2018,958904.11,3987054.79,634608.26
2018-11-23,2018,958904.11,3987054.79,735054.31
2018-11-24,2018,958904.11,3987054.79,660025.21
2018-11-25,2018,958904.11,3987054.79,620555.24
2018-11-26,2018,958904.11,3987054.79,721263.05
2018-11-27,2018,958904.11,3987054.79,808324.06
2018-11-28,2018,958904.11,3987054.79,690251.20
2018-11-29,2018,958904.11,3987054.79,843775.79
2018-11-30,2018,958904.11,3987054.79,760076.09
2018-12-01,2018,958904.11,3987054.79,746836.62
2018-12-02,2018,958904.11,3987054.79,741566.20
2018-12-03,2018,958904.11,3987054.79,801721.21
2018-12-04,2018,958904.11,3987054.79,831459.69
2018-12-05,2018,958904.11,3987054.79,725049.31
2018-12-06,2018,958904.11,3987054.79,761003.68
2018-12-07,2018,958904.11,3987054.79,873747.19
2018-12-08,2018,958904.11,3987054.79,814213.17
2018-12-09,2018,958904.11,3987054.79,891767.13
2018-12-10,2018,958904.11,3987054.79,884533.05
2018-12-11,2018,958904.11,3987054.79,853441.98
2018-12-12,2018,958904.11,3987054.79,795730.25
2018-12-13,2018,958904.11,3987054.79,889570.88
2018-12-14,2018,958904.11,3987054.79,859823.08
2018-12-15,2018,958904.11,3987054.79,866526.52
2018-12-16,2018,958904.11,3987054.79,1064698.78
2018-12-17,2018,958904.11,3987054.79,906067.03
2018-12-18,2018,958904.11,3987054.79,1043571.44
2018-12-19,2018,958904.11,3987054.79,1038705.57
2018-12-20,2018,958904.11,3987054.79,978621.09
2018-12-21,2018,958904.11,3987054.79,968541.44
2018-12-22,2018,958904.11,3987054.79,991024.97
2018-12-23,2018,958904.11,3987054.79,793674.17
2018-12-24,2018,958904.11,3987054.79,950435.66
2018-12-25,2018,958904.11,3987054.79,989579.02
2018-12-26,2018,958904.11,3987054.79,1042014.11
2018-12-27,2018,958904.11,3987054.79,1061494.86
2018-12-28,2018,958904.11,3987054.79,942365.53
2018-12-29,2018,958904.11,3987054.79,936084.00
2018-12-30,2018,958904.11,3987054.79,953837.65
2018-12-31,2018,958904.11,3987054.79,994971.56
2019-01-01,2019,958904.11,3987054.79,968194.25
2019-01-02,2019,958904.11,3987054.79,925302.16
2019-01-03,2019,958904.11,3987054.79,962612.23
2019-01-04,2019,958904.11,3987054.79,1034553.68
2019-01-05,2019,958904.11,3987054.79,776965.81
2019-01-06,2019,958904.11,3987054.79,927074.65
2019-01-07,2019,958904.11,3987054.79,940717.70
2019-01-08,2019,958904.11,3987054.79,902035.79
2019-01-09,2019,958904.11,3987054.79,923782.80
2019-01-10,2019,958904.11,3987054.79,876446.23
2019-01-11,2019,958904.11,3987054.79,759743.26
2019-01-12,2019,958904.11,3987054.79,978908.85
2019-01-13,2019,958904.11,3987054.79,864457.66
2019-01-14,2019,958904.11,3987054.79,948931.45
2019-01-15,2019,958904.11,3987054.79,828528.21
2019-01-16,2019,958904.11,3987054.79,829556.27
2019-01-17,2019,958904.11,3987054.79,970771.79
2019-01-18,2019,958904.11,3987054.79,940057.69
2019-01-19,2019,958904.11,3987054.79,966327.23
2019-01-20,2019,958904.11,3987054.79,858940.32
2019-01-21,2019,958904.11,3987054.79,846999.66
2019-01-22,2019,958904.11,3987054.79,877698.26
2019-01-23,2019,958904.11,3987054.79,812931.10
2019-01-24,2019,958904.11,3987054.79,1073400.90
2019-01-25,2019,958904.11,3987054.79,834157.25
2019-01-26,2019,958904.11,3987054.79,780031.65
2019-01-27,2019,958904.11,3987054.79,776242.63
2019-01-28,2019,958904.11,3987054.79,823288.91
2019-01-29,2019,958904.11,3987054.79,918458.32
2019-01-30,2019,958904.11,3987054.79,823006.67
2019-01-31,2019,958904.11,3987054.79,851555.14
2019-02-01,2019,958904.11,3987054.79,742902.27
2019-02-02,2019,958904.11,3987054.79,801120.65
2019-02-03,2019,958904.11,3987054.79,745330.20
2019-02-04,2019,958904.11,3987054.79,721369.77
2019-02-05,2019,958904.11,3987054.79,756177.27
2019-02-06,2019,958904.11,3987054.79,779854.32
2019-02-07,2019,958904.11,3987054.79,837200.16
2019-02-08,2019,958904.11,3987054.79,807242.05
2019-02-09,2019,958904.11,3987054.79,693889.29
2019-02-10,2019,958904.11,3987054.79,706897.57
2019-02-11,2019,958904.11,3987054.79,681019.60
2019-02-12,2019,958904.11,3987054.79,598268.03
2019-02-13,2019,958904.11,3987054.79,609950.57
2019-02-14,2019,958904.11,3987054.79,642400.99
2019-02-15,2019,958904.11,3987054.79,651202.40
2019-02-16,2019,958904.11,3987054.79,581045.21
2019-02-17,2019,958904.11,3987054.79,787668.37
2019-02-18,2019,958904.11,3987054.79,710774.07
2019-02-19,2019,958904.11,3987054.79,615440.83
2019-02-20,2019,958904.11,3987054.79,595894.09
2019-02-21,2019,958904.11,3987054.79,705419.18
2019-02-22,2019,958904.11,3987054.79,703588.17
2019-02-23,2019,958904.11,3987054.79,609349.37
2019-02-24,2019,958904.11,3987054.79,724046.36
2019-02-25,2019,958904.11,3987054.79,581883.54
2019-02-26,2019,958904.11,3987054.79,611115.03
2019-02-27,2019,958904.11,3987054.79,618277.58
2019-02-28,2019,958904.11,3987054.79,639105.52
2019-03-01,2019,958904.11,3987054.79,777179.37
2019-03-02,2019,958904.11,3987054.79,620281.03
2019-03-03,2019,958904.11,3987054.79,646918.15
2019-03-04,2019,958904.11,3987054.79,689899.49
2019-03-05,2019,958904.11,3987054.79,697705.59
2019-03-06,2019,958904.11,3987054.79,770353.77
2019-03-07,2019,958904.11,3987054.79,784731.92
2019-03-08,2019,958904.11,3987054.79,639187.02
2019-03-09,2019,958904.11,3987054.79,670872.39
2019-03-10,2019,958904.11,3987054.79,645915.10
2019-03-11,2019,958904.11,3987054.79,643627.83
2019-03-12,2019,958904.11,3987054.79,716740.30
2019-03-13,2019,958904.11,3987054.79,806178.49
2019-03-14,2019,958904.11,3987054.79,692826.32
2019-03-15,2019,958904.11,3987054.79,611372.64
2019-03-16,2019,958904.11,3987054.79,787550.54
2019-03-17,2019,958904.11,3987054.79,650485.76
2019-03-18,2019,958904.11,3987054.79,773250.49
2019-03-19,2019,958904.11,3987054.79,677130.66
2019-03-20,2019,958904.11,3987054.79,928375.37
2019-03-21,2019,958904.11,3987054.79,737394.06
2019-03-22,2019,958904.11,3987054.79,915910.61
2019-03-23,2019,958904.11,3987054.79,828996.44
2019-03-24,2019,958904.11,3987054.79,810763.98
2019-03-25,2019,958904.11,3987054.79,921455.98
2019-03-26,2019,958904.11,3987054.79,836828.34
2019-03-27,2019,958904.11,3987054.79,839774.88
2019-03-28,2019,958904.11,3987054.79,775786.01
2019-03-29,2019,958904.11,3987054.79,733499.39
2019-03-30,2019,958904.11,3987054.79,835129.56
2019-03-31,2019,958904.11,3987054.79,800718.95
2019-04-01,2019,958904.11,3987054.79,767171.20
2019-04-02,2019,958904.11,3987054.79,941128.46
2019-04-03,2019,958904.11,3987054.79,759272.33
2019-04-04,2019,958904.11,3987054.79,938014.34
2019-04-05,2019,958904.11,3987054.79,811585.59
2019-04-06,2019,958904.11,3987054.79,963797.27
2019-04-07,2019,958904.11,3987054.79,1010534.05
2019-04-08,2019,958904.11,3987054.79,836141.80
2019-04-09,2019,958904.11,3987054.79,988175.16
2019-04-10,2019,958904.11,3987054.79,966789.05
2019-04-11,2019,958904.11,3987054.79,965695.28
2019-04-12,2019,958904.11,3987054.79,1034889.29
2019-04-13,2019,958904.11,3987054.79,1001302.02
2019-04-14,2019,958904.11,3987054.79,1076850.03
2019-04-15,2019,958904.11,3987054.79,993619.50
2019-04-16,2019,958904.11,3987054.79,798641.12
2019-04-17,2019,958904.11,3987054.79,936570.56
2019-04-18,2019,958904.11,3987054.79,932281.09
2019-04-19,2019,958904.11,3987054.79,981614.93
2019-04-20,2019,958904.11,3987054.79,975322.74
2019-04-21,2019,958904.11,3987054.79,1008705.38
2019-04-22,2019,958904.11,3987054.79,1035382.16
2019-04-23,2019,958904.11,3987054.79,1063631.13
2019-04-24,2019,958904.11,3987054.79,860034.82
2019-04-25,2019,958904.11,3987054.79,1069051.03
2019-04-26,2019,958904.11,3987054.79,973459.54
2019-04-27,2019,958904.11,3987054.79,832981.49
2019-04-28,2019,958904.11,3987054.79,1013952.87
2019-04-29,2019,958904.11,3987054.79,965583.18
2019-04-30,2019,958904.11,3987054.79,984186.40
2019-05-01,2019,958904.11,3987054.79,897917.22
2019-05-02,2019,958904.11,3987054.79,997143.85
2019-05-03,2019,958904.11,3987054.79,1135973.47
2019-05-04,2019,958904.11,3987054.79,979407.50
2019-05-05,2019,958904.11,3987054.79,1059635.65
2019-05-06,2019,958904.11,3987054.79,937218.15
2019-05-07,2019,958904.11,3987054.79,1045825.99
2019-05-08,2019,958904.11,3987054.79,1003465.03
2019-05-09,2019,958904.11,3987054.79,1053491.91
2019-05-10,2019,958904.11,3987054.79,1040991.64
2019-05-11,2019,958904.11,3987054.79,1027077.06
2019-05-12,2019,958904.11,3987054.79,1047027.84
2019-05-13,2019,958904.11,3987054.79,1092318.63
2019-05-14,2019,958904.11,3987054.79,1162097.82
2019-05-15,2019,958904.11,3987054.79,1075602.40
2019-05-16,2019,958904.11,3987054.79,1036574.81
2019-05-17,2019,958904.11,3987054.79,988593.01
2019-05-18,2019,958904.11,3987054.79,1128826.39
2019-05-19,2019,958904.11,3987054.79,956471.94
2019-05-20,2019,958904.11,3987054.79,975322.35
2019-05-21,2019,958904.11,3987054.79,1081182.50
2019-05-22,2019,958904.11,3987054.79,1017323.62
2019-05-23,2019,958904.11,3987054.79,1088799.02
2019-05-24,2019,958904.11,3987054.79,934389.10
2019-05-25,2019,958904.11,3987054.79,955280.92
2019-05-26,2019,958904.11,3987054.79,981534.13
2019-05-27,2019,958904.11,3987054.79,1022272.15
2019-05-28,2019,958904.11,3987054.79,1041393.93
2019-05-29,2019,958904.11,3987054.79,976787.71
2019-05-30,2019,958904.11,3987054.79,1004774.66
2019-05-31,2019,958904.11,3987054.79,1084390.95
2019-06-01,2019,958904.11,3987054.79,956730.14
2019-06-02,2019,958904.11,3987054.79,968529.44
2019-06-03,2019,958904.11,3987054.79,1011839.05
2019-06-04,2019,958904.11,3987054.79,979953.69
2019-06-05,2019,958904.11,3987054.79,1006730.63
2019-06-06,2019,958904.11,3987054.79,1087408.59
2019-06-07,2019,958904.11,3987054.79,1026451.48
2019-06-08,2019,958904.11,3987054.79,787394.06
2019-06-09,2019,958904.11,3987054.79,836012.80
2019-06-10,2019,958904.11,3987054.79,1181538.27
2019-06-11,2019,958904.11,3987054.79,847621.04
2019-06-12,2019,958904.11,3987054.79,1137016.70
2019-06-13,2019,958904.11,3987054.79,1047351.80
2019-06-14,2019,958904.11,3987054.79,1106004.69
2019-06-15,2019,958904.11,3987054.79,890940.61
2019-06-16,2019,958904.11,3987054.79,1058511.76
2019-06-17,2019,958904.11,3987054.79,982146.43
2019-06-18,2019,958904.11,3987054.79,872495.58
2019-06-19,2019,958904.11,3987054.79,962248.00
2019-06-20,2019,958904.11,3987054.79,974738.89
2019-06-21,2019,958904.11,3987054.79,1156400.94
2019-06-22,2019,958904.11,3987054.79,1156947.91
2019-06-23,2019,958904.11,3987054.79,949262.02
2019-06-24,2019,958904.11,3987054.79,967979.04
2019-06-25,2019,958904.11,3987054.79,978945.00
2019-06-26,2019,958904.11,3987054.79,1107948.09
2019-06-27,2019,958904.11,3987054.79,917053.78
2019-06-28,2019,958904.11,3987054.79,844039.44
2019-06-29,2019,958904.11,3987054.79,1010175.67
2019-06-30,2019,958904.11,3987054.79,1071540.46
2019-07-01,2019,958904.11,3987054.79,987913.81
2019-07-02,2019,958904.11,3987054.79,854850.26
2019-07-03,2019,958904.11,3987054.79,1086939.75
2019-07-04,2019,958904.11,3987054.79,1051206.33
2019-07-05,2019,958904.11,3987054.79,898485.70
2019-07-06,2019,958904.11,3987054.79,962707.34
2019-07-07,2019,958904.11,3987054.79,849061.23
2019-07-08,2019,958904.11,3987054.79,902097.12
2019-07-09,2019,958904.11,3987054.79,937243.74
2019-07-10,2019,958904.11,3987054.79,1031901.03
2019-07-11,2019,958904.11,3987054.79,871782.71
2019-07-12,2019,958904.11,3987054.79,804754.34
2019-07-13,2019,958904.11,3987054.79,911610.53
2019-07-14,2019,958904.11,3987054.79,995367.60
2019-07-15,2019,958904.11,3987054.79,948787.44
2019-07-16,2019,958904.11,3987054.79,917039.59
2019-07-17,2019,958904.11,3987054.79,935776.08
2019-07-18,2019,958904.11,3987054.79,931171.82
2019-07-19,2019,958904.11,3987054.79,928236.44
2019-07-20,2019,958904.11,3987054.79,1058436.50
2019-07-21,2019,958904.11,3987054.79,744664.96
2019-07-22,2019,958904.11,3987054.79,829168.63
2019-07-23,2019,958904.11,3987054.79,730353.26
2019-07-24,2019,958904.11,3987054.79,1004176.36
2019-07-25,2019,958904.11,3987054.79,743545.42
2019-07-26,2019,958904.11,3987054.79,964454.91
2019-07-27,2019,958904.11,3987054.79,863313.76
2019-07-28,2019,958904.11,3987054.79,831113.34
2019-07-29,2019,958904.11,3987054.79,718665.10
2019-07-30,2019,958904.11,3987054.79,749928.64
2019-07-31,2019,958904.11,3987054.79,808812.71
2019-08-01,2019,958904.11,3987054.79,707678.34
2019-08-02,2019,958904.11,3987054.79,734499.20
2019-08-03,2019,958904.11,3987054.79,650741.58
2019-08-04,2019,958904.11,3987054.79,752742.73
2019-08-05,2019,958904.11,3987054.79,704977.67
2019-08-06,2019,958904.11,3987054.79,725298.62
2019-08-07,2019,958904.11,3987054.79,785563.89
2019-08-08,2019,958904.11,3987054.79,666870.94
2019-08-09,2019,958904.11,3987054.79,638977.86
2019-08-10,2019,958904.11,3987054.79,718041.30
2019-08-11,2019,958904.11,3987054.79,765169.77
2019-08-12,2019,958904.11,3987054.79,685399.33
2019-08-13,2019,958904.11,3987054.79,708945.15
2019-08-14,2019,958904.11,3987054.79,678210.96
2019-08-15,2019,958904.11,3987054.79,782541.95
2019-08-16,2019,958904.11,3987054.79,623436.07
2019-08-17,2019,958904.11,3987054.79,690436.34
2019-08-18,2019,958904.11,3987054.79,582907.08
2019-08-19,2019,958904.11,3987054.79,647049.02
2019-08-20,2019,958904.11,3987054.79,699468.21
2019-08-21,2019,958904.11,3987054.79,627336.51
2019-08-22,2019,958904.11,3987054.79,691929.61
2019-08-23,2019,958904.11,3987054.79,575853.25
2019-08-24,2019,958904.11,3987054.79,598582.12
2019-08-25,2019,958904.11,3987054.79,699520.15
2019-08-26,2019,958904.11,3987054.79,763431.87
2019-08-27,2019,958904.11,3987054.79,678737.71
2019-08-28,2019,958904.11,3987054.79,674330.66
2019-08-29,2019,958904.11,3987054.79,643248.97
2019-08-30,2019,958904.11,3987054.79,764002.85
2019-08-31,2019,958904.11,3987054.79,714541.82
2019-09-01,2019,958904.11,3987054.79,679756.57
2019-09-02,2019,958904.11,3987054.79,686137.65
2019-09-03,2019,958904.11,3987054.79,665033.07
2019-09-04,2019,958904.11,3987054.79,748763.50
2019-09-05,2019,958904.11,3987054.79,942703.06
2019-09-06,2019,958904.11,3987054.79,690808.68
2019-09-07,2019,958904.11,3987054.79,692947.70
2019-09-08,2019,958904.11,3987054.79,793063.78
2019-09-09,2019,958904.11,3987054.79,655698.93
2019-09-10,2019,958904.11,3987054.79,709916.28
2019-09-11,2019,958904.11,3987054.79,715943.92
2019-09-12,2019,958904.11,3987054.79,765915.50
2019-09-13,2019,958904.11,3987054.79,850624.65
2019-09-14,2019,958904.11,3987054.79,733841.08
2019-09-15,2019,958904.11,3987054.79,898437.59
2019-09-16,2019,958904.11,3987054.79,894851.04
2019-09-17,2019,958904.11,3987054.79,700835.40
2019-09-18,2019,958904.11,3987054.79,771987.47
2019-09-19,2019,958904.11,3987054.79,851999.24
2019-09-20,2019,958904.11,3987054.79,985873.71
2019-09-21,2019,958904.11,3987054.79,856539.42
2019-09-22,2019,958904.11,3987054.79,743068.99
2019-09-23,2019,958904.11,3987054.79,998513.68
2019-09-24,2019,958904.11,3987054.79,1021941.24
2019-09-25,2019,958904.11,3987054.79,845617.99
2019-09-26,2019,958904.11,3987054.79,907933.11
2019-09-27,2019,958904.11,3987054.79,933887.89
2019-09-28,2019,958904.11,3987054.79,834338.91
2019-09-29,2019,958904.11,3987054.79,936119.04
2019-09-30,2019,958904.11,3987054.79,927105.39
2019-10-01,2019,958904.11,3987054.79,908719.70
2019-10-02,2019,958904.11,3987054.79,880706.28
2019-10-03,2019,958904.11,3987054.79,942599.72
2019-10-04,2019,958904.11,3987054.79,945465.52
2019-10-05,2019,958904.11,3987054.79,962701.71
2019-10-06,2019,958904.11,3987054.79,780526.17
2019-10-07,2019,958904.11,3987054.79,866037.99
2019-10-08,2019,958904.11,3987054.79,976053.17
2019-10-09,2019,958904.11,3987054.79,769591.18
2019-10-10,2019,958904.11,3987054.79,990449.87
2019-10-11,2019,958904.11,3987054.79,911799.21
2019-10-12,2019,958904.11,3987054.79,926197.12
2019-10-13,2019,958904.11,3987054.79,1135117.34
2019-10-14,2019,958904.11,3987054.79,972163.04
2019-10-15,2019,958904.11,3987054.79,1011348.15
2019-10-16,2019,958904.11,3987054.79,975046.20
2019-10-17,2019,958904.11,3987054.79,844598.85
2019-10-18,2019,958904.11,3987054.79,1061513.50
2019-10-19,2019,958904.11,3987054.79,904614.05
2019-10-20,2019,958904.11,3987054.79,990656.28
2019-10-21,2019,958904.11,3987054.79,824632.56
2019-10-22,2019,958904.11,3987054.79,926896.40
2019-10-23,2019,958904.11,3987054.79,923009.58
2019-10-24,2019,958904.11,3987054.79,869532.35
2019-10-25,2019,958904.11,3987054.79,1116054.88
2019-10-26,2019,958904.11,3987054.79,888351.78
2019-10-27,2019,958904.11,3987054.79,958231.34
2019-10-28,2019,958904.11,3987054.79,1055652.87
2019-10-29,2019,958904.11,3987054.79,844753.72
2019-10-30,2019,958904.11,3987054.79,801170.65
2019-10-31,2019,958904.11,3987054.79,994362.46
2019-11-01,2019,958904.11,3987054.79,1070837.59
2019-11-02,2019,958904.11,3987054.79,974520.15
2019-11-03,2019,958904.11,3987054.79,844353.96
2019-11-04,2019,958904.11,3987054.79,923092.20
2019-11-05,2019,958904.11,3987054.79,1025213.95
2019-11-06,2019,958904.11,3987054.79,911788.69
2019-11-07,2019,958904.11,3987054.79,895973.84
2019-11-08,2019,958904.11,3987054.79,1037866.63
2019-11-09,2019,958904.11,3987054.79,1154587.50
2019-11-10,2019,958904.11,3987054.79,879579.71
2019-11-11,2019,958904.11,3987054.79,1011388.85
2019-11-12,2019,958904.11,3987054.79,1096923.33
2019-11-13,2019,958904.11,3987054.79,1088301.29
2019-11-14,2019,958904.11,3987054.79,886839.29
2019-11-15,2019,958904.11,3987054.79,910796.85
2019-11-16,2019,958904.11,3987054.79,1084767.55
2019-11-17,2019,958904.11,3987054.79,930826.48
2019-11-18,2019,958904.11,3987054.79,1035362.75
2019-11-19,2019,958904.11,3987054.79,1006514.27
2019-11-20,2019,958904.11,3987054.79,843370.92
2019-11-21,2019,958904.11,3987054.79,930234.68
2019-11-22,2019,958904.11,3987054.79,1029750.55
2019-11-23,2019,958904.11,3987054.79,961664.91
2019-11-24,2019,958904.11,3987054.79,904108.12
2019-11-25,2019,958904.11,3987054.79,958081.04
2019-11-26,2019,958904.11,3987054.79,858831.52
2019-11-27,2019,958904.11,3987054.79,999203.91
2019-11-28,2019,958904.11,3987054.79,911342.51
2019-11-29,2019,958904.11,3987054.79,961670.34
2019-11-30,2019,958904.11,3987054.79,934169.51
2019-12-01,2019,958904.11,3987054.79,849565.81
2019-12-02,2019,958904.11,3987054.79,937527.82
2019-12-03,2019,958904.11,3987054.79,944236.25
2019-12-04,2019,958904.11,3987054.79,998778.84
2019-12-05,2019,958904.11,3987054.79,1001369.06
2019-12-06,2019,958904.11,3987054.79,885377.34
2019-12-07,2019,958904.11,3987054.79,1052159.90
2019-12-08,2019,958904.11,3987054.79,974590.08
2019-12-09,2019,958904.11,3987054.79,1002023.84
2019-12-10,2019,958904.11,3987054.79,873922.41
2019-12-11,2019,958904.11,3987054.79,900379.01
2019-12-12,2019,958904.11,3987054.79,816381.72
2019-12-13,2019,958904.11,3987054.79,929466.07
2019-12-14,2019,958904.11,3987054.79,1013009.46
2019-12-15,2019,958904.11,3987054.79,855549.39
2019-12-16,2019,958904.11,3987054.79,1009325.33
2019-12-17,2019,958904.11,3987054.79,936257.47
2019-12-18,2019,958904.11,3987054.79,809883.07
2019-12-19,2019,958904.11,3987054.79,958157.42
2019-12-20,2019,958904.11,3987054.79,811507.49
2019-12-21,2019,958904.11,3987054.79,870274.27
2019-12-22,2019,958904.11,3987054.79,836264.60
2019-12-23,2019,958904.11,3987054.79,978561.88
2019-12-24,2019,958904.11,3987054.79,942777.34
2019-12-25,2019,958904.11,3987054.79,862296.58
2019-12-26,2019,958904.11,3987054.79,840559.48
2019-12-27,2019,958904.11,3987054.79,888748.13
2019-12-28,2019,958904.11,3987054.79,775074.50
2019-12-29,2019,958904.11,3987054.79,750744.11
2019-12-30,2019,958904.11,3987054.79,1025438.95
2019-12-31,2019,958904.11,3987054.79,802699.75
2020-01-01,2020,958904.11,3987054.79,871865.67
2020-01-02,2020,958904.11,3987054.79,941819.81
2020-01-03,2020,958904.11,3987054.79,853931.31
2020-01-04,2020,958904.11,3987054.79,763682.21
2020-01-05,2020,958904.11,3987054.79,888785.24
2020-01-06,2020,958904.11,3987054.79,835485.87
2020-01-07,2020,958904.11,3987054.79,833318.82
2020-01-08,2020,958904.11,3987054.79,813163.31
2020-01-09,2020,958904.11,3987054.79,855583.80
2020-01-10,2020,958904.11,3987054.79,725252.11
2020-01-11,2020,958904.11,3987054.79,791653.24
2020-01-12,2020,958904.11,3987054.79,809199.12
2020-01-13,2020,958904.11,3987054.79,864610.66
2020-01-14,2020,958904.11,3987054.79,848491.80
2020-01-15,2020,958904.11,3987054.79,827928.70
2020-01-16,2020,958904.11,3987054.79,827289.16
2020-01-17,2020,958904.11,3987054.79,654902.12
2020-01-18,2020,958904.11,3987054.79,717070.34
2020-01-19,2020,958904.11,3987054.79,877403.47
2020-01-20,2020,958904.11,3987054.79,772909.85
2020-01-21,2020,958904.11,3987054.79,837308.76
2020-01-22,2020,958904.11,3987054.79,726966.96
2020-01-23,2020,958904.11,3987054.79,771569.95
2020-01-24,2020,958904.11,3987054.79,655382.20
2020-01-25,2020,958904.11,3987054.79,647342.09
2020-01-26,2020,958904.11,3987054.79,681687.04
2020-01-27,2020,958904.11,3987054.79,699912.34
2020-01-28,2020,958904.11,3987054.79,766073.45
2020-01-29,2020,958904.11,3987054.79,614667.22
2020-01-30,2020,958904.11,3987054.79,654082.86
2020-01-31,2020,958904.11,3987054.79,623994.44
2020-02-01,2020,958904.11,3987054.79,606491.48
2020-02-02,2020,958904.11,3987054.79,632755.72
2020-02-03,2020,958904.11,3987054.79,649810.24
2020-02-04,2020,958904.11,3987054.79,698689.06
2020-02-05,2020,958904.11,3987054.79,616923.07
2020-02-06,2020,958904.11,3987054.79,544619.24
2020-02-07,2020,958904.11,3987054.79,692589.02
2020-02-08,2020,958904.11,3987054.79,572352.32
2020-02-09,2020,958904.11,3987054.79,568635.93
2020-02-10,2020,958904.11,3987054.79,680833.14
2020-02-11,2020,958904.11,3987054.79,625576.57
2020-02-12,2020,958904.11,3987054.79,606980.09
2020-02-13,2020,958904.11,3987054.79,609588.92
2020-02-14,2020,958904.11,3987054.79,605405.64
2020-02-15,2020,958904.11,3987054.79,540264.38
2020-02-16,2020,958904.11,3987054.79,529132.90
2020-02-17,2020,958904.11,3987054.79,605689.87
2020-02-18,2020,958904.11,3987054.79,489494.73
2020-02-19,2020,958904.11,3987054.79,533878.01
2020-02-20,2020,958904.11,3987054.79,680034.82
2020-02-21,2020,958904.11,3987054.79,586614.40
2020-02-22,2020,958904.11,3987054.79,561132.87
2020-02-23,2020,958904.11,3987054.79,503206.38
2020-02-24,2020,958904.11,3987054.79,498723.90
2020-02-25,2020,958904.11,3987054.79,540501.05
2020-02-26,2020,958904.11,3987054.79,604847.11
2020-02-27,2020,958904.11,3987054.79,619572.95
2020-02-28,2020,958904.11,3987054.79,531866.60
2020-02-29,2020,958904.11,3987054.79,506559.36
2020-03-01,2020,958904.11,3987054.79,588627.03
2020-03-02,2020,958904.11,3987054.79,550956.99
2020-03-03,2020,958904.11,3987054.79,607690.02
2020-03-04,2020,958904.11,3987054.79,607450.37
2020-03-05,2020,958904.11,3987054.79,520622.35
2020-03-06,2020,958904.11,3987054.79,503031.29
2020-03-07,2020,958904.11,3987054.79,663371.61
2020-03-08,2020,958904.11,3987054.79,597582.11
2020-03-09,2020,958904.11,3987054.79,679323.80
2020-03-10,2020,958904.11,3987054.79,644105.03
2020-03-11,2020,958904.11,3987054.79,657271.51
2020-03-12,2020,958904.11,3987054.79,589653.83
2020-03-13,2020,958904.11,3987054.79,561305.32
2020-03-14,2020,958904.11,3987054.79,581649.14
2020-03-15,2020,958904.11,3987054.79,660823.33
2020-03-16,2020,958904.11,3987054.79,558099.84
2020-03-17,2020,958904.11,3987054.79,507427.07
2020-03-18,2020,958904.11,3987054.79,758107.32
2020-03-19,2020,958904.11,3987054.79,611941.58
2020-03-20,2020,958904.11,3987054.79,597071.16
2020-03-21,2020,958904.11,3987054.79,675806.01
2020-03-22,2020,958904.11,3987054.79,595278.24
2020-03-23,2020,958904.11,3987054.79,614107.06
2020-03-24,2020,958904.11,3987054.79,828596.43
2020-03-25,2020,958904.11,3987054.79,695483.25
2020-03-26,2020,958904.11,3987054.79,680826.14
2020-03-27,2020,958904.11,3987054.79,698926.61
2020-03-28,2020,958904.11,3987054.79,684554.79
2020-03-29,2020,958904.11,3987054.79,627690.31
2020-03-30,2020,958904.11,3987054.79,751251.58
2020-03-31,2020,958904.11,3987054.79,692030.60
2020-04-01,2020,958904.11,3987054.79,742357.60
2020-04-02,2020,958904.11,3987054.79,807951.53
2020-04-03,2020,958904.11,3987054.79,772904.18
2020-04-04,2020,958904.11,3987054.79,702364.45
2020-04-05,2020,958904.11,3987054.79,684664.65
2020-04-06,2020,958904.11,3987054.79,606937.40
2020-04-07,2020,958904.11,3987054.79,819362.63
2020-04-08,2020,958904.11,3987054.79,795956.86
2020-04-09,2020,958904.11,3987054.79,670913.65
2020-04-10,2020,958904.11,3987054.79,752964.68
2020-04-11,2020,958904.11,3987054.79,833928.48
2020-04-12,2020,958904.11,3987054.79,655469.28
2020-04-13,2020,958904.11,3987054.79,1007294.66
2020-04-14,2020,958904.11,3987054.79,827338.48
2020-04-15,2020,958904.11,3987054.79,874923.63
2020-04-16,2020,958904.11,3987054.79,991280.15
2020-04-17,2020,958904.11,3987054.79,926142.29
2020-04-18,2020,958904.11,3987054.79,969349.70
2020-04-19,2020,958904.11,3987054.79,969153.55
2020-04-20,2020,958904.11,3987054.79,850443.30
2020-04-21,2020,958904.11,3987054.79,716004.99
2020-04-22,2020,958904.11,3987054.79,879437.61
2020-04-23,2020,958904.11,3987054.79,903861.26
2020-04-24,2020,958904.11,3987054.79,916683.48
2020-04-25,2020,958904.11,3987054.79,910543.47
2020-04-26,2020,958904.11,3987054.79,860190.45
2020-04-27,2020,958904.11,3987054.79,968414.16
2020-04-28,2020,958904.11,3987054.79,776159.87
2020-04-29,2020,958904.11,3987054.79,981624.39
2020-04-30,2020,958904.11,3987054.79,878166.03
2020-05-01,2020,958904.11,3987054.79,877442.90
2020-05-02,2020,958904.11,3987054.79,752027.60
2020-05-03,2020,958904.11,3987054.79,974909.29
2020-05-04,2020,958904.11,3987054.79,942936.73
2020-05-05,2020,958904.11,3987054.79,903370.98
2020-05-06,2020,958904.11,3987054.79,842897.26
2020-05-07,2020,958904.11,3987054.79,886976.94
2020-05-08,2020,958904.11,3987054.79,792504.64
2020-05-09,2020,958904.11,3987054.79,971955.69
2020-05-10,2020,958904.11,3987054.79,936265.00
2020-05-11,2020,958904.11,3987054.79,864842.84
2020-05-12,2020,958904.11,3987054.79,1084133.66
2020-05-13,2020,958904.11,3987054.79,737029.59
2020-05-14,2020,958904.11,3987054.79,928825.08
2020-05-15,2020,958904.11,3987054.79,927818.17
2020-05-16,2020,958904.11,3987054.79,783991.76
2020-05-17,2020,958904.11,3987054.79,805664.52
2020-05-18,2020,958904.11,3987054.79,903521.03
2020-05-19,2020,958904.11,3987054.79,852429.85
2020-05-20,2020,958904.11,3987054.79,877670.05
2020-05-21,2020,958904.11,3987054.79,803093.20
2020-05-22,2020,958904.11,3987054.79,857602.50
2020-05-23,2020,958904.11,3987054.79,855773.50
2020-05-24,2020,958904.11,3987054.79,782704.48
2020-05-25,2020,958904.11,3987054.79,852722.37
2020-05-26,2020,958904.11,3987054.79,1045354.33
2020-05-27,2020,958904.11,3987054.79,972431.72
2020-05-28,2020,958904.11,3987054.79,949245.61
2020-05-29,2020,958904.11,3987054.79,871784.78
2020-05-30,2020,958904.11,3987054.79,862917.85
2020-05-31,2020,958904.11,3987054.79,919150.70
2020-06-01,2020,958904.11,3987054.79,816018.35
2020-06-02,2020,958904.11,3987054.79,893017.23
2020-06-03,2020,958904.11,3987054.79,805057.28
2020-06-04,2020,958904.11,3987054.79,932512.96
2020-06-05,2020,958904.11,3987054.79,850684.83
2020-06-06,2020,958904.11,3987054.79,889294.79
2020-06-07,2020,958904.11,3987054.79,957413.59
2020-06-08,2020,958904.11,3987054.79,897982.06
2020-06-09,2020,958904.11,3987054.79,1030338.02
2020-06-10,2020,958904.11,3987054.79,982180.51
2020-06-11,2020,958904.11,3987054.79,931376.95
2020-06-12,2020,958904.11,3987054.79,883110.69
2020-06-13,2020,958904.11,3987054.79,886078.19
2020-06-14,2020,958904.11,3987054.79,795409.38
2020-06-15,2020,958904.11,3987054.79,901679.19
2020-06-16,2020,958904.11,3987054.79,908383.76
2020-06-17,2020,958904.11,3987054.79,872325.16
2020-06-18,2020,958904.11,3987054.79,895633.80
2020-06-19,2020,958904.11,3987054.79,928974.56
2020-06-20,2020,958904.11,3987054.79,948406.23
2020-06-21,2020,958904.11,3987054.79,861717.82
2020-06-22,2020,958904.11,3987054.79,828514.62
2020-06-23,2020,958904.11,3987054.79,886010.88
2020-06-24,2020,958904.11,3987054.79,990053.42
2020-06-25,2020,958904.11,3987054.79,981435.22
2020-06-26,2020,958904.11,3987054.79,944799.35
2020-06-27,2020,958904.11,3987054.79,833145.39
2020-06-28,2020,958904.11,3987054.79,829577.27
2020-06-29,2020,958904.11,3987054.79,794130.45
2020-06-30,2020,958904.11,3987054.79,784732.78
2020-07-01,2020,958904.11,3987054.79,739336.29
2020-07-02,2020,958904.11,3987054.79,909296.12
2020-07-03,2020,958904.11,3987054.79,842761.23
2020-07-04,2020,958904.11,3987054.79,872909.07
2020-07-05,2020,958904.11,3987054.79,904324.11
2020-07-06,2020,958904.11,3987054.79,888498.08
2020-07-07,2020,958904.11,3987054.79,957056.55
2020-07-08,2020,958904.11,3987054.79,938825.35
2020-07-09,2020,958904.11,3987054.79,731225.40
2020-07-10,2020,958904.11,3987054.79,935701.33
2020-07-11,2020,958904.11,3987054.79,935513.24
2020-07-12,2020,958904.11,3987054.79,773160.97
2020-07-13,2020,958904.11,3987054.79,696097.46
2020-07-14,2020,958904.11,3987054.79,814267.06
2020-07-15,2020,958904.11,3987054.79,870709.40
2020-07-16,2020,958904.11,3987054.79,781589.74
2020-07-17,2020,958904.11,3987054.79,665009.82
2020-07-18,2020,958904.11,3987054.79,729088.33
2020-07-19,2020,958904.11,3987054.79,739385.93
2020-07-20,2020,958904.11,3987054.79,818215.07
2020-07-21,2020,958904.11,3987054.79,737994.56
2020-07-22,2020,958904.11,3987054.79,781211.94
2020-07-23,2020,958904.11,3987054.79,820120.68
2020-07-24,2020,958904.11,3987054.79,701600.32
2020-07-25,2020,958904.11,3987054.79,720408.61
2020-07-26,2020,958904.11,3987054.79,679136.58
2020-07-27,2020,958904.11,3987054.79,857145.28
2020-07-28,2020,958904.11,3987054.79,762964.81
2020-07-29,2020,958904.11,3987054.79,656460.19
2020-07-30,2020,958904.11,3987054.79,824984.08
2020-07-31,2020,958904.11,3987054.79,731175.10
2020-08-01,2020,958904.11,3987054.79,687011.78
2020-08-02,2020,958904.11,3987054.79,650841.58
2020-08-03,2020,958904.11,3987054.79,605511.39
2020-08-04,2020,958904.11,3987054.79,616820.31
2020-08-05,2020,958904.11,3987054.79,690448.93
2020-08-06,2020,958904.11,3987054.79,559215.81
2020-08-07,2020,958904.11,3987054.79,633048.49
2020-08-08,2020,958904.11,3987054.79,645278.30
2020-08-09,2020,958904.11,3987054.79,641926.12
2020-08-10,2020,958904.11,3987054.79,604749.44
2020-08-11,2020,958904.11,3987054.79,629355.96
2020-08-12,2020,958904.11,3987054.79,639087.82
2020-08-13,2020,958904.11,3987054.79,584730.00
2020-08-14,2020,958904.11,3987054.79,635157.06
2020-08-15,2020,958904.11,3987054.79,619008.35
2020-08-16,2020,958904.11,3987054.79,599337.43
2020-08-17,2020,958904.11,3987054.79,589230.12
2020-08-18,2020,958904.11,3987054.79,548124.31
2020-08-19,2020,958904.11,3987054.79,491668.14
2020-08-20,2020,958904.11,3987054.79,596821.17
2020-08-21,2020,958904.11,3987054.79,476304.58
2020-08-22,2020,958904.11,3987054.79,580299.84
2020-08-23,2020,958904.11,3987054.79,490554.22
2020-08-24,2020,958904.11,3987054.79,594584.56
2020-08-25,2020,958904.11,3987054.79,742700.89
2020-08-26,2020,958904.11,3987054.79,647583.94
2020-08-27,2020,958904.11,3987054.79,474743.49
2020-08-28,2020,958904.11,3987054.79,618892.26
2020-08-29,2020,958904.11,3987054.79,524062.71
2020-08-30,2020,958904.11,3987054.79,630519.06
2020-08-31,2020,958904.11,3987054.79,647384.77
2020-09-01,2020,958904.11,3987054.79,607774.81
2020-09-02,2020,958904.11,3987054.79,496961.43
2020-09-03,2020,958904.11,3987054.79,647021.71
2020-09-04,2020,958904.11,3987054.79,631710.84
2020-09-05,2020,958904.11,3987054.79,646961.20
2020-09-06,2020,958904.11,3987054.79,717348.20
2020-09-07,2020,958904.11,3987054.79,637610.65
2020-09-08,2020,958904.11,3987054.79,578985.07
2020-09-09,2020,958904.11,3987054.79,595592.58
2020-09-10,2020,958904.11,3987054.79,777655.15
2020-09-11,2020,958904.11,3987054.79,771584.64
2020-09-12,2020,958904.11,3987054.79,700477.14
2020-09-13,2020,958904.11,3987054.79,895917.13
2020-09-14,2020,958904.11,3987054.79,799182.61
2020-09-15,2020,958904.11,3987054.79,638961.67
2020-09-16,2020,958904.11,3987054.79,803760.40
2020-09-17,2020,958904.11,3987054.79,654735.08
2020-09-18,2020,958904.11,3987054.79,719681.04
2020-09-19,2020,958904.11,3987054.79,693571.52
2020-09-20,2020,958904.11,3987054.79,696834.68
2020-09-21,2020,958904.11,3987054.79,679891.09
2020-09-22,2020,958904.11,3987054.79,740773.29
2020-09-23,2020,958904.11,3987054.79,847279.95
2020-09-24,2020,958904.11,3987054.79,803196.94
2020-09-25,2020,958904.11,3987054.79,718404.92
2020-09-26,2020,958904.11,3987054.79,653936.58
2020-09-27,2020,958904.11,3987054.79,774049.75
2020-09-28,2020,958904.11,3987054.79,657618.93
2020-09-29,2020,958904.11,3987054.79,820497.68
2020-09-30,2020,958904.11,3987054.79,817225.59
2020-10-01,2020,958904.11,3987054.79,866087.89
2020-10-02,2020,958904.11,3987054.79,772708.06
2020-10-03,2020,958904.11,3987054.79,766382.71
2020-10-04,2020,958904.11,3987054.79,770877.74
2020-10-05,2020,958904.11,3987054.79,796616.58
2020-10-06,2020,958904.11,3987054.79,858736.43
2020-10-07,2020,958904.11,3987054.79,786300.99
2020-10-08,2020,958904.11,3987054.79,734567.53
2020-10-09,2020,958904.11,3987054.79,824377.71
2020-10-10,2020,958904.11,3987054.79,845353.06
2020-10-11,2020,958904.11,3987054.79,725493.70
2020-10-12,2020,958904.11,3987054.79,762253.93
2020-10-13,2020,958904.11,3987054.79,850330.97
2020-10-14,2020,958904.11,3987054.79,857880.02
2020-10-15,2020,958904.11,3987054.79,613132.03
2020-10-16,2020,958904.11,3987054.79,763004.44
2020-10-17,2020,958904.11,3987054.79,872225.11
2020-10-18,2020,958904.11,3987054.79,870996.83
2020-10-19,2020,958904.11,3987054.79,1011001.87
2020-10-20,2020,958904.11,3987054.79,829762.83
2020-10-21,2020,958904.11,3987054.79,767037.74
2020-10-22,2020,958904.11,3987054.79,792662.01
2020-10-23,2020,958904.11,3987054.79,763369.00
2020-10-24,2020,958904.11,3987054.79,896434.12
2020-10-25,2020,958904.11,3987054.79,998521.97
2020-10-26,2020,958904.11,3987054.79,889445.63
2020-10-27,2020,958904.11,3987054.79,799551.63
2020-10-28,2020,958904.11,3987054.79,833029.95
2020-10-29,2020,958904.11,3987054.79,883487.18
2020-10-30,2020,958904.11,3987054.79,960598.04
2020-10-31,2020,958904.11,3987054.79,852060.48
2020-11-01,2020,958904.11,3987054.79,786343.38
2020-11-02,2020,958904.11,3987054.79,989542.80
2020-11-03,2020,958904.11,3987054.79,842577.11
2020-11-04,2020,958904.11,3987054.79,784970.99
2020-11-05,2020,958904.11,3987054.79,871581.79
2020-11-06,2020,958904.11,3987054.79,812144.02
2020-11-07,2020,958904.11,3987054.79,805203.75
2020-11-08,2020,958904.11,3987054.79,973057.35
2020-11-09,2020,958904.11,3987054.79,807738.34
2020-11-10,2020,958904.11,3987054.79,823488.44
2020-11-11,2020,958904.11,3987054.79,908143.48
2020-11-12,2020,958904.11,3987054.79,892232.81
2020-11-13,2020,958904.11,3987054.79,864004.64
2020-11-14,2020,958904.11,3987054.79,795777.41
2020-11-15,2020,958904.11,3987054.79,845569.57
2020-11-16,2020,958904.11,3987054.79,827096.03
2020-11-17,2020,958904.11,3987054.79,873536.42
2020-11-18,2020,958904.11,3987054.79,796586.15
2020-11-19,2020,958904.11,3987054.79,855381.63
2020-11-20,2020,958904.11,3987054.79,836923.25
2020-11-21,2020,958904.11,3987054.79,774420.55
2020-11-22,2020,958904.11,3987054.79,824920.64
2020-11-23,2020,958904.11,3987054.79,865809.94
2020-11-24,2020,958904.11,3987054.79,853701.89
2020-11-25,2020,958904.11,3987054.79,758303.87
2020-11-26,2020,958904.11,3987054.79,727408.12
2020-11-27,2020,958904.11,3987054.79,822009.05
2020-11-28,2020,958904.11,3987054.79,749446.55
2020-11-29,2020,958904.11,3987054.79,795973.52
2020-11-30,2020,958904.11,3987054.79,823023.74
2020-12-01,2020,958904.11,3987054.79,796893.48
2020-12-02,2020,958904.11,3987054.79,762359.39
2020-12-03,2020,958904.11,3987054.79,695063.04
2020-12-04,2020,958904.11,3987054.79,745922.55
2020-12-05,2020,958904.11,3987054.79,637813.93
2020-12-06,2020,958904.11,3987054.79,620418.40
2020-12-07,2020,958904.11,3987054.79,753062.21
2020-12-08,2020,958904.11,3987054.79,703513.49
2020-12-09,2020,958904.11,3987054.79,643160.53
2020-12-10,2020,958904.11,3987054.79,723709.20
2020-12-11,2020,958904.11,3987054.79,815652.40
2020-12-12,2020,958904.11,3987054.79,609957.70
2020-12-13,2020,958904.11,3987054.79,769883.32
2020-12-14,2020,958904.11,3987054.79,724388.20
2020-12-15,2020,958904.11,3987054.79,586257.94
2020-12-16,2020,958904.11,3987054.79,590044.95
2020-12-17,2020,958904.11,3987054.79,755416.67
2020-12-18,2020,958904.11,3987054.79,704857.42
2020-12-19,2020,958904.11,3987054.79,573064.08
2020-12-20,2020,958904.11,3987054.79,757464.73
2020-12-21,2020,958904.11,3987054.79,695176.45
2020-12-22,2020,958904.11,3987054.79,643062.83
2020-12-23,2020,958904.11,3987054.79,660278.30
2020-12-24,2020,958904.11,3987054.79,584509.35
2020-12-25,2020,958904.11,3987054.79,566240.26
2020-12-26,2020,958904.11,3987054.79,576406.62
2020-12-27,2020,958904.11,3987054.79,533992.56
2020-12-28,2020,958904.11,3987054.79,662567.43
2020-12-29,2020,958904.11,3987054.79,732634.96
2020-12-30,2020,958904.11,3987054.79,612740.26
2020-12-31,2020,958904.11,3987054.79,553023.10
2021-01-01,2021,958904.11,3987054.79,591357.51
2021-01-02,2021,958904.11,3987054.79,636394.79
2021-01-03,2021,958904.11,3987054.79,549098.43
2021-01-04,2021,958904.11,3987054.79,564386.05
2021-01-05,2021,958904.11,3987054.79,592225.18
2021-01-06,2021,958904.11,3987054.79,641322.85
2021-01-07,2021,958904.11,3987054.79,460045.00
2021-01-08,2021,958904.11,3987054.79,573600.17
2021-01-09,2021,958904.11,3987054.79,619090.99
2021-01-10,2021,958904.11,3987054.79,746580.34
2021-01-11,2021,958904.11,3987054.79,499059.77
2021-01-12,2021,958904.11,3987054.79,539790.26
2021-01-13,2021,958904.11,3987054.79,550812.77
2021-01-14,2021,958904.11,3987054.79,630858.27
2021-01-15,2021,958904.11,3987054.79,609843.13
2021-01-16,2021,958904.11,3987054.79,577812.39
2021-01-17,2021,958904.11,3987054.79,604361.81
2021-01-18,2021,958904.11,3987054.79,554622.62
2021-01-19,2021,958904.11,3987054.79,490322.41
2021-01-20,2021,958904.11,3987054.79,526477.18
2021-01-21,2021,958904.11,3987054.79,536923.42
2021-01-22,2021,958904.11,3987054.79,504281.92
2021-01-23,2021,958904.11,3987054.79,577400.92
2021-01-24,2021,958904.11,3987054.79,562528.20
2021-01-25,2021,958904.11,3987054.79,601175.33
2021-01-26,2021,958904.11,3987054.79,498536.99
2021-01-27,2021,958904.11,3987054.79,614904.65
2021-01-28,2021,958904.11,3987054.79,515190.34
2021-01-29,2021,958904.11,3987054.79,543754.77
2021-01-30,2021,958904.11,3987054.79,528026.94
2021-01-31,2021,958904.11,3987054.79,484278.15
2021-02-01,2021,958904.11,3987054.79,557712.24
2021-02-02,2021,958904.11,3987054.79,575060.12
2021-02-03,2021,958904.11,3987054.79,452094.42
2021-02-04,2021,958904.11,3987054.79,391598.14
2021-02-05,2021,958904.11,3987054.79,476481.08
2021-02-06,2021,958904.11,3987054.79,394408.58
2021-02-07,2021,958904.11,3987054.79,536534.40
2021-02-08,2021,958904.11,3987054.79,353903.23
2021-02-09,2021,958904.11,3987054.79,445727.31
2021-02-10,2021,958904.11,3987054.79,420426.36
2021-02-11,2021,958904.11,3987054.79,420493.65
2021-02-12,2021,958904.11,3987054.79,466047.61
2021-02-13,2021,958904.11,3987054.79,322369.10
2021-02-14,2021,958904.11,3987054.79,384321.62
2021-02-15,2021,958904.11,3987054.79,456871.09
2021-02-16,2021,958904.11,3987054.79,407547.98
2021-02-17,2021,958904.11,3987054.79,476651.69
2021-02-18,2021,958904.11,3987054.79,451568.84
2021-02-19,2021,958904.11,3987054.79,395934.39
2021-02-20,2021,958904.11,3987054.79,375689.70
2021-02-21,2021,958904.11,3987054.79,424890.28
2021-02-22,2021,958904.11,3987054.79,541684.53
2021-02-23,2021,958904.11,3987054.79,368192.79
2021-02-24,2021,958904.11,3987054.79,342439.63
2021-02-25,2021,958904.11,3987054.79,337901.30
2021-02-26,2021,958904.11,3987054.79,405535.45
2021-02-27,2021,958904.11,3987054.79,411310.47
2021-02-28,2021,958904.11,3987054.79,333233.76
2021-03-01,2021,958904.11,3987054.79,349950.19
2021-03-02,2021,958904.11,3987054.79,424576.66
2021-03-03,2021,958904.11,3987054.79,465449.52
2021-03-04,2021,958904.11,3987054.79,432610.21
2021-03-05,2021,958904.11,3987054.79,434540.59
2021-03-06,2021,958904.11,3987054.79,465511.45
2021-03-07,2021,958904.11,3987054.79,348158.71
2021-03-08,2021,958904.11,3987054.79,328747.40
2021-03-09,2021,958904.11,3987054.79,440005.57
2021-03-10,2021,958904.11,3987054.79,447958.36
2021-03-11,2021,958904.11,3987054.79,456922.66
2021-03-12,2021,958904.11,3987054.79,458733.30
2021-03-13,2021,958904.11,3987054.79,459838.31
2021-03-14,2021,958904.11,3987054.79,434150.07
2021-03-15,2021,958904.11,3987054.79,473216.79
2021-03-16,2021,958904.11,3987054.79,462343.62
2021-03-17,2021,958904.11,3987054.79,411656.28
2021-03-18,2021,958904.11,3987054.79,482861.06
2021-03-19,2021,958904.11,3987054.79,506912.90
2021-03-20,2021,958904.11,3987054.79,386730.53
2021-03-21,2021,958904.11,3987054.79,444310.96
2021-03-22,2021,958904.11,3987054.79,368833.72
2021-03-23,2021,958904.11,3987054.79,545999.17
2021-03-24,2021,958904.11,3987054.79,501576.17
2021-03-25,2021,958904.11,3987054.79,469218.80
2021-03-26,2021,958904.11,3987054.79,583518.22
2021-03-27,2021,958904.11,3987054.79,400971.96
2021-03-28,2021,958904.11,3987054.79,385646.99
2021-03-29,2021,958904.11,3987054.79,489196.70
2021-03-30,2021,958904.11,3987054.79,438500.02
2021-03-31,2021,958904.11,3987054.79,445686.06
2021-04-01,2021,958904.11,3987054.79,566547.07
2021-04-02,2021,958904.11,3987054.79,517482.84
2021-04-03,2021,958904.11,3987054.79,525478.49
2021-04-04,2021,958904.11,3987054.79,439955.18
2021-04-05,2021,958904.11,3987054.79,534722.25
2021-04-06,2021,958904.11,3987054.79,466975.35
2021-04-07,2021,958904.11,3987054.79,575876.52
2021-04-08,2021,958904.11,3987054.79,543663.10
2021-04-09,2021,958904.11,3987054.79,500459.38
2021-04-10,2021,958904.11,3987054.79,493035.50
2021-04-11,2021,958904.11,3987054.79,568473.52
2021-04-12,2021,958904.11,3987054.79,549775.54
2021-04-13,2021,958904.11,3987054.79,697318.32
2021-04-14,2021,958904.11,3987054.79,611920.31
2021-04-15,2021,958904.11,3987054.79,639452.21
2021-04-16,2021,958904.11,3987054.79,759392.13
2021-04-17,2021,958904.11,3987054.79,654762.54
2021-04-18,2021,958904.11,3987054.79,439125.46
2021-04-19,2021,958904.11,3987054.79,555872.52
2021-04-20,2021,958904.11,3987054.79,696055.05
2021-04-21,2021,958904.11,3987054.79,595034.44
2021-04-22,2021,958904.11,3987054.79,653727.08
2021-04-23,2021,958904.11,3987054.79,551711.66
2021-04-24,2021,958904.11,3987054.79,700599.72
2021-04-25,2021,958904.11,3987054.79,653876.51
2021-04-26,2021,958904.11,3987054.79,556799.32
2021-04-27,2021,958904.11,3987054.79,670125.78
2021-04-28,2021,958904.11,3987054.79,744415.48
2021-04-29,2021,958904.11,3987054.79,601373.72
2021-04-30,2021,958904.11,3987054.79,527669.88
2021-05-01,2021,958904.11,3987054.79,611018.63
2021-05-02,2021,958904.11,3987054.79,584899.97
2021-05-03,2021,958904.11,3987054.79,634202.02
2021-05-04,2021,958904.11,3987054.79,681343.85
2021-05-05,2021,958904.11,3987054.79,724932.02
2021-05-06,2021,958904.11,3987054.79,865204.74
2021-05-07,2021,958904.11,3987054.79,795084.45
2021-05-08,2021,958904.11,3987054.79,639039.87
2021-05-09,2021,958904.11,3987054.79,609043.08
2021-05-10,2021,958904.11,3987054.79,590347.61
2021-05-11,2021,958904.11,3987054.79,568594.62
2021-05-12,2021,958904.11,3987054.79,552337.38
2021-05-13,2021,958904.11,3987054.79,653057.17
2021-05-14,2021,958904.11,3987054.79,608197.95
2021-05-15,2021,958904.11,3987054.79,608729.05
2021-05-16,2021,958904.11,3987054.79,728005.83
2021-05-17,2021,958904.11,3987054.79,652603.75
2021-05-18,2021,958904.11,3987054.79,731188.53
2021-05-19,2021,958904.11,3987054.79,709854.23
2021-05-20,2021,958904.11,3987054.79,499193.04
2021-05-21,2021,958904.11,3987054.79,677848.80
2021-05-22,2021,958904.11,3987054.79,638749.64
2021-05-23,2021,958904.11,3987054.79,618070.90
2021-05-24,2021,958904.11,3987054.79,620351.66
2021-05-25,2021,958904.11,3987054.79,624293.92
2021-05-26,2021,958904.11,3987054.79,743841.32
2021-05-27,2021,958904.11,3987054.79,562828.46
2021-05-28,2021,958904.11,3987054.79,682605.16
2021-05-29,2021,958904.11,3987054.79,677673.27
2021-05-30,2021,958904.11,3987054.79,580536.05
2021-05-31,2021,958904.11,3987054.79,609268.51
2021-06-01,2021,958904.11,3987054.79,693466.09
2021-06-02,2021,958904.11,3987054.79,613164.55
2021-06-03,2021,958904.11,3987054.79,638607.62
2021-06-04,2021,958904.11,3987054.79,660333.51
2021-06-05,2021,958904.11,3987054.79,701187.29
2021-06-06,2021,958904.11,3987054.79,594002.69
2021-06-07,2021,958904.11,3987054.79,608399.29
2021-06-08,2021,958904.11,3987054.79,667818.06
2021-06-09,2021,958904.11,3987054.79,748741.80
2021-06-10,2021,958904.11,3987054.79,665710.37
2021-06-11,2021,958904.11,3987054.79,601392.11
2021-06-12,2021,958904.11,3987054.79,590820.43
2021-06-13,2021,958904.11,3987054.79,592491.51
2021-06-14,2021,958904.11,3987054.79,662083.51
2021-06-15,2021,958904.11,3987054.79,670139.76
2021-06-16,2021,958904.11,3987054.79,547945.89
2021-06-17,2021,958904.11,3987054.79,585530.97
2021-06-18,2021,958904.11,3987054.79,689533.63
2021-06-19,2021,958904.11,3987054.79,622093.85
2021-06-20,2021,958904.11,3987054.79,569308.35
2021-06-21,2021,958904.11,3987054.79,702860.24
2021-06-22,2021,958904.11,3987054.79,600949.40
2021-06-23,2021,958904.11,3987054.79,723921.56
2021-06-24,2021,958904.11,3987054.79,651762.23
2021-06-25,2021,958904.11,3987054.79,585203.05
2021-06-26,2021,958904.11,3987054.79,559273.47
2021-06-27,2021,958904.11,3987054.79,571411.78
2021-06-28,2021,958904.11,3987054.79,691257.42
2021-06-29,2021,958904.11,3987054.79,710394.59
2021-06-30,2021,958904.11,3987054.79,679201.79
2021-07-01,2021,958904.11,3987054.79,613613.38
2021-07-02,2021,958904.11,3987054.79,546032.38
2021-07-03,2021,958904.11,3987054.79,567325.51
2021-07-04,2021,958904.11,3987054.79,625654.51
2021-07-05,2021,958904.11,3987054.79,642946.78
2021-07-06,2021,958904.11,3987054.79,563768.62
2021-07-07,2021,958904.11,3987054.79,690187.17
2021-07-08,2021,958904.11,3987054.79,631372.10
2021-07-09,2021,958904.11,3987054.79,552331.41
2021-07-10,2021,958904.11,3987054.79,555316.86
2021-07-11,2021,958904.11,3987054.79,556935.81
2021-07-12,2021,958904.11,3987054.79,612928.65
2021-07-13,2021,958904.11,3987054.79,579385.71
2021-07-14,2021,958904.11,3987054.79,559703.10
2021-07-15,2021,958904.11,3987054.79,493785.51
2021-07-16,2021,958904.11,3987054.79,638977.63
2021-07-17,2021,958904.11,3987054.79,448529.20
2021-07-18,2021,958904.11,3987054.79,552862.61
2021-07-19,2021,958904.11,3987054.79,541054.11
2021-07-20,2021,958904.11,3987054.79,479387.39
2021-07-21,2021,958904.11,3987054.79,602208.29
2021-07-22,2021,958904.11,3987054.79,581091.39
2021-07-23,2021,958904.11,3987054.79,550122.99
2021-07-24,2021,958904.11,3987054.79,526501.54
2021-07-25,2021,958904.11,3987054.79,560770.22
2021-07-26,2021,958904.11,3987054.79,493647.47
2021-07-27,2021,958904.11,3987054.79,608295.17
2021-07-28,2021,958904.11,3987054.79,500355.88
2021-07-29,2021,958904.11,3987054.79,512075.00
2021-07-30,2021,958904.11,3987054.79,534002.98
2021-07-31,2021,958904.11,3987054.79,491158.20
2021-08-01,2021,958904.11,3987054.79,435631.82
2021-08-02,2021,958904.11,3987054.79,385225.27
2021-08-03,2021,958904.11,3987054.79,418247.61
2021-08-04,2021,958904.11,3987054.79,431046.18
2021-08-05,2021,958904.11,3987054.79,436488.08
2021-08-06,2021,958904.11,3987054.79,415496.54
2021-08-07,2021,958904.11,3987054.79,481180.30
2021-08-08,2021,958904.11,3987054.79,516418.46
2021-08-09,2021,958904.11,3987054.79,440744.21
2021-08-10,2021,958904.11,3987054.79,465141.89
2021-08-11,2021,958904.11,3987054.79,494110.75
2021-08-12,2021,958904.11,3987054.79,595026.64
2021-08-13,2021,958904.11,3987054.79,463043.53
2021-08-14,2021,958904.11,3987054.79,443659.23
2021-08-15,2021,958904.11,3987054.79,436868.70
2021-08-16,2021,958904.11,3987054.79,372131.10
2021-08-17,2021,958904.11,3987054.79,402772.48
2021-08-18,2021,958904.11,3987054.79,478418.77
2021-08-19,2021,958904.11,3987054.79,396471.42
2021-08-20,2021,958904.11,3987054.79,413201.54
2021-08-21,2021,958904.11,3987054.79,418677.92
2021-08-22,2021,958904.11,3987054.79,385631.07
2021-08-23,2021,958904.11,3987054.79,341533.70
2021-08-24,2021,958904.11,3987054.79,407035.63
2021-08-25,2021,958904.11,3987054.79,433741.74
2021-08-26,2021,958904.11,3987054.79,451966.95
2021-08-27,2021,958904.11,3987054.79,399744.17
2021-08-28,2021,958904.11,3987054.79,455949.46
2021-08-29,2021,958904.11,3987054.79,379383.24
2021-08-30,2021,958904.11,3987054.79,458984.95
2021-08-31,2021,958904.11,3987054.79,490637.58
2021-09-01,2021,958904.11,3987054.79,508805.59
2021-09-02,2021,958904.11,3987054.79,420833.85
2021-09-03,2021,958904.11,3987054.79,445118.98
2021-09-04,2021,958904.11,3987054.79,424993.27
2021-09-05,2021,958904.11,3987054.79,371162.03
2021-09-06,2021,958904.11,3987054.79,455583.91
2021-09-07,2021,958904.11,3987054.79,505535.53
2021-09-08,2021,958904.11,3987054.79,496856.51
2021-09-09,2021,958904.11,3987054.79,538430.07
2021-09-10,2021,958904.11,3987054.79,471172.49
2021-09-11,2021,958904.11,3987054.79,526493.18
2021-09-12,2021,958904.11,3987054.79,529365.52
2021-09-13,2021,958904.11,3987054.79,604772.28
2021-09-14,2021,958904.11,3987054.79,470945.68
2021-09-15,2021,958904.11,3987054.79,512885.70
2021-09-16,2021,958904.11,3987054.79,536406.20
2021-09-17,2021,958904.11,3987054.79,448878.08
2021-09-18,2021,958904.11,3987054.79,457839.19
2021-09-19,2021,958904.11,3987054.79,483594.75
2021-09-20,2021,958904.11,3987054.79,527783.34
2021-09-21,2021,958904.11,3987054.79,514939.04
2021-09-22,2021,958904.11,3987054.79,504716.46
2021-09-23,2021,958904.11,3987054.79,610550.73
2021-09-24,2021,958904.11,3987054.79,537702.52
2021-09-25,2021,958904.11,3987054.79,549797.34
2021-09-26,2021,958904.11,3987054.79,577404.60
2021-09-27,2021,958904.11,3987054.79,464980.40
2021-09-28,2021,958904.11,3987054.79,591590.14
2021-09-29,2021,958904.11,3987054.79,467088.06
2021-09-30,2021,958904.11,3987054.79,648220.50
2021-10-01,2021,958904.11,3987054.79,594022.68
2021-10-02,2021,958904.11,3987054.79,557239.43
2021-10-03,2021,958904.11,3987054.79,507589.28
2021-10-04,2021,958904.11,3987054.79,426085.22
2021-10-05,2021,958904.11,3987054.79,490625.59
2021-10-06,2021,958904.11,3987054.79,532997.39
2021-10-07,2021,958904.11,3987054.79,704827.83
2021-10-08,2021,958904.11,3987054.79,571538.05
2021-10-09,2021,958904.11,3987054.79,704297.13
2021-10-10,2021,958904.11,3987054.79,589986.64
2021-10-11,2021,958904.11,3987054.79,570191.80
2021-10-12,2021,958904.11,3987054.79,560436.62
2021-10-13,2021,958904.11,3987054.79,595431.64
2021-10-14,2021,958904.11,3987054.79,551500.88
2021-10-15,2021,958904.11,3987054.79,558128.26
2021-10-16,2021,958904.11,3987054.79,602157.71
2021-10-17,2021,958904.11,3987054.79,537654.67
2021-10-18,2021,958904.11,3987054.79,544307.26
2021-10-19,2021,958904.11,3987054.79,594812.13
2021-10-20,2021,958904.11,3987054.79,660100.38
2021-10-21,2021,958904.11,3987054.79,490506.36
2021-10-22,2021,958904.11,3987054.79,499622.55
2021-10-23,2021,958904.11,3987054.79,634579.72
2021-10-24,2021,958904.11,3987054.79,628085.27
2021-10-25,2021,958904.11,3987054.79,478321.99
2021-10-26,2021,958904.11,3987054.79,531336.06
2021-10-27,2021,958904.11,3987054.79,679463.32
2021-10-28,2021,958904.11,3987054.79,684300.80
2021-10-29,2021,958904.11,3987054.79,587736.25
2021-10-30,2021,958904.11,3987054.79,598158.71
2021-10-31,2021,958904.11,3987054.79,493002.79
2021-11-01,2021,958904.11,3987054.79,586180.82
2021-11-02,2021,958904.11,3987054.79,616439.01
2021-11-03,2021,958904.11,3987054.79,573077.57
2021-11-04,2021,958904.11,3987054.79,613635.47
2021-11-05,2021,958904.11,3987054.79,612442.24
2021-11-06,2021,958904.11,3987054.79,525340.54
2021-11-07,2021,958904.11,3987054.79,500655.36
2021-11-08,2021,958904.11,3987054.79,561532.23
2021-11-09,2021,958904.11,3987054.79,517061.01
2021-11-10,2021,958904.11,3987054.79,444063.78
2021-11-11,2021,958904.11,3987054.79,568521.91
2021-11-12,2021,958904.11,3987054.79,533270.82
2021-11-13,2021,958904.11,3987054.79,511999.80
2021-11-14,2021,958904.11,3987054.79,439033.52
2021-11-15,2021,958904.11,3987054.79,389421.60
2021-11-16,2021,958904.11,3987054.79,347008.13
2021-11-17,2021,958904.11,3987054.79,480007.89
2021-11-18,2021,958904.11,3987054.79,461294.79
2021-11-19,2021,958904.11,3987054.79,384499.33
2021-11-20,2021,958904.11,3987054.79,411879.30
2021-11-21,2021,958904.11,3987054.79,400385.32
2021-11-22,2021,958904.11,3987054.79,394465.88
2021-11-23,2021,958904.11,3987054.79,428365.60
2021-11-24,2021,958904.11,3987054.79,454763.07
2021-11-25,2021,958904.11,3987054.79,406872.50
2021-11-26,2021,958904.11,3987054.79,424455.02
2021-11-27,2021,958904.11,3987054.79,280644.93
2021-11-28,2021,958904.11,3987054.79,393345.80
2021-11-29,2021,958904.11,3987054.79,301936.60
2021-11-30,2021,958904.11,3987054.79,377956.33
2021-12-01,2021,958904.11,3987054.79,305488.90
2021-12-02,2021,958904.11,3987054.79,272155.55
2021-12-03,2021,958904.11,3987054.79,218908.70
2021-12-04,2021,958904.11,3987054.79,308431.00
2021-12-05,2021,958904.11,3987054.79,312632.49
2021-12-06,2021,958904.11,3987054.79,297949.89
2021-12-07,2021,958904.11,3987054.79,242217.04
2021-12-08,2021,958904.11,3987054.79,172635.82
2021-12-09,2021,958904.11,3987054.79,218146.51
2021-12-10,2021,958904.11,3987054.79,158453.91
2021-12-11,2021,958904.11,3987054.79,126324.98
2021-12-12,2021,958904.11,3987054.79,165193.86
2021-12-13,2021,958904.11,3987054.79,175847.92
2021-12-14,2021,958904.11,3987054.79,104550.02
2021-12-15,2021,958904.11,3987054.79,95254.92
2021-12-16,2021,958904.11,3987054.79,99478.30
2021-12-17,2021,958904.11,3987054.79,115421.46
2021-12-18,2021,958904.11,3987054.79,87248.96
2021-12-19,2021,958904.11,3987054.79,78790.22
2021-12-20,2021,958904.11,3987054.79,85782.07
2021-12-21,2021,958904.11,3987054.79,34350.45
2021-12-22,2021,958904.11,3987054.79,26377.22
2021-12-23,2021,958904.11,3987054.79,27146.25
2021-12-24,2021,958904.11,3987054.79,38034.67
2021-12-25,2021,958904.11,3987054.79,28171.49
2021-12-26,2021,958904.11,3987054.79,9266.17
2021-12-27,2021,958904.11,3987054.79,7803.68
2021-12-28,2021,958904.11,3987054.79,0.00
2021-12-29,2021,958904.11,3987054.79,0.00
2021-12-30,2021,958904.11,3987054.79,0.00
2021-12-31,2021,958904.11,3987054.79,0.00
